index,username,tweet_id,tweet_text,translated_text,org,relevant,category,query,datetime_of_tweet,datetime_of_query,link,mentioned_location,location,image,Chadchad
394,baimaibaijai,1713612878694203433,ร้านในบรรทัดทองเอาโต๊ะเก้าอี้มาวางบนทางเท้าได้เลยหรอ ทำไมไม่มีใครมาควบคุมบ้างเลย อย่าเอาแต่ได้กันเลย ขอที่ให้คนเดินโล่งๆบ้างได้ ทุกวันนี้ก็แน่นจะแย่อยู่แล้ว คนเดินเยอะกิจการก็ดีตามอ่ะ ฝากผู้ว่า @chadchart_trip ช่วยกวดขันหน่อย #ชัชชาติ #บรรทัดทอง,"Can shops in Banthat Thong put tables and chairs on the sidewalk? Why isn't anyone taking control? Don't just take it. I wish there was room for people to walk around. Nowadays, it's already crowded and getting worse. There are a lot of people walking and business is good. Leave it to the governor @chadchart_trip Please be careful. #Chatchat #Bantadthong",municipal office,TRUE,ทางเท้า,"(""ทางเท้า"" OR ""ทางเดิน"" OR ""ฟุตบาท"") AND (""กรุงเทพ"" OR ""กทม"" OR ""ชัชชาติ"")",2023-10-15 17:48:42,2023-11-16 14:52:12,https://twitter.com/baimaibaijai/status/1713612878694203433,บรรทัดทอง,,[],no
398,wwmmwmmw88,1713583526434758688,เอาดีๆควรมีการจัดการอะไรตรงห้วยขวางบ้างอะ ไม่ให้ขายบนฟุตบาทก็มาจายตรงถนน รถก็ไปมาไม่สะดวก แบบงงงมาก อารัยวะ,"Well, what kind of management should there be at Huai Khwang? Not allowed to be sold on the sidewalk, distributed right on the road. The car was inconvenient to come and go, very confusing. What?",municipal office,TRUE,ทางเท้า,"(""ทางเท้า"" OR ""ทางเดิน"" OR ""ฟุตบาท"") AND (""ห้วยขวาง"" OR ""คลองสาน"" OR ""ตลิ่งชัน"" OR ""บางกอกน้อย"" OR ""บางขุนเทียน"" OR ""ภาษีเจริญ"" OR ""หนองแขม"" OR ""ราษฎร์บูรณะ"" OR ""บางพลัด"" OR ""ดินแดง"" OR ""บึงกุ่ม"" OR ""สาทร"" OR ""บางซื่อ"" OR ""จตุจักร"" OR ""บางคอแหลม"")",2023-10-15 15:52:04,2023-11-16 15:20:42,https://twitter.com/wwmmwmmw88/status/1713583526434758688,ห้วยขวาง,,[],no
463,katkuma,1711214667060887655,ข้อดีคือขนมอร่อย แบบใต้เลย ข้อเสีย ร้านแม่งตั้งขายอยู่บนฟุตบาท เอาเป็นว่า 2-3 เดือนมานี้ ร้านขายบนฟุตบาทถนนบรรทัดทอง ผุดเป็นดอกเห็ด ก็สงสัยเหมือนกันว่าไม่มีใครจัดการหรอ,"The advantage is that the desserts are delicious, Southern style. The disadvantage is that the shop sells them on the sidewalk. Let's say that for the past 2-3 months, the shop has been selling on the sidewalk on Banthat Thong Road. spring up like mushrooms I also wonder if no one is managing it.",municipal office,TRUE,ทางเท้า,"(""ทางเท้า"" OR ""ทางเดิน"" OR ""ฟุตบาท"") AND (""นครสวรรค์"" OR ""นครไชยศรี"" OR ""นนทรี"" OR ""นราธิวาสราชนครินทร์"" OR ""นวมินทร์"" OR ""นวลจันทร์"" OR ""นักกีฬาแหลมทอง"" OR ""นางลิ้นจี่"" OR ""นานา"" OR ""บรมราชชนนี"" OR ""บรรทัดทอง"" OR ""บางกอกน้อย"" OR ""บางกะปิ"" OR ""บางขุนนนท์"" OR ""บางขุนพรหม"")",2023-10-09 2:59:04,2023-11-16 15:43:02,https://twitter.com/katkuma/status/1711214667060887655,บรรทัดทอง,,[],no
499,baimaibaijai,1709880935393685906,ร้านที่ตั้งโต๊ะบนทางเท้าพวกคุณเห็นแก่ตัวไปไหม โดยเฉพาะเวลาฝนตก แทนที่คนจะได้เดินหลบในร่มง่ายๆ ต้องลงไปเดินเปียกบนถนนเพราะคุณเอาของมาวางตั้งบนทางเท้าเต็มไปหมด เห็นแก่ตัว! #บรรทัดทอง #ชัชชาติ,"The shops that set up tables on the sidewalk, are you being selfish? Especially when it rains Instead of people being able to easily walk and hide in the shade. Having to walk wet on the street because you put things all over the sidewalk. Selfish! #Bantadthong #Chatchat",municipal office,TRUE,ทางเท้า,"(""ทางเท้า"" OR ""ทางเดิน"" OR ""ฟุตบาท"") AND (""กรุงเทพ"" OR ""กทม"" OR ""ชัชชาติ"")",2023-10-05 10:39:17,2023-11-16 14:52:12,https://twitter.com/baimaibaijai/status/1709880935393685906,บรรทัดทอง,,[],no
568,deeplymorbid,1708458784883200260,เอาดีๆ สีลมมันคนเยอะ แล้วทางเท้าจริงๆ ของมันก็พอให้คนเดินอยู่นะ แต่พอมีขายของกินไปครึ่งนึง มันก็ไม่พอเดินดิ มันก้ต้องลงถนนป่ะ แร้วความผิดกุอ้อที่ต้องไปลงถน,"Let's face it, Silom is crowded. And it's really a sidewalk. It's enough for people to walk around. But when there was food for sale, half of it It's not enough to walk. Does it have to go down the road? It's a mistake to have to go down the road.",municipal office,TRUE,ทางเท้า,"(""ทางเท้า"" OR ""ทางเดิน"" OR ""ฟุตบาท"") AND (""สาทร"" OR ""สาทรเหนือ"" OR ""สาทรใต้"" OR ""สาธุประดิษฐ์"" OR ""สามย่าน"" OR ""สามเสน"" OR ""สายไหม"" OR ""สายไหม-ลำลูกกา"" OR ""สำเพ็ง"" OR ""สิรินธร"" OR ""สีลม"" OR ""สี่พระยา"" OR ""สุขสวัสดิ์"" OR ""สุขุมวิท"" OR ""สุทธิสาร"")",2023-10-01 12:28:10,2023-11-16 16:20:05,https://twitter.com/deeplymorbid/status/1708458784883200260,สีลม,,[],no
608,PHETSIAM,1706980032848318950,แยกอโศก มีกลุ่มรถเข็น มาตั้งขายของกันเยอะขึ้นแล้วนะ ถ้าปล่อยไว้นานๆ ก็จะเต็มทางเดินเหมือนเมื่อก่อน,Asoke intersection has a group of wheelchairs. We've come to sell more and more things. If you leave it for a long time The walkway will be full like before.,municipal office,TRUE,ทางเท้า,"(""ทางเท้า"" OR ""ทางเดิน"" OR ""ฟุตบาท"") AND (""อนุสาวรีย์ชัยฯ"" OR ""อรุณอมรินทร์"" OR ""อังรีดูนังต์"" OR ""อัสสัมชัญ"" OR ""อาจณรงค์"" OR ""อิสรภาพ"" OR ""อุดมสุข"" OR ""อู่ทองนอก"" OR ""อู่ทองใน"" OR ""อโศก-ดินแดง"" OR ""อโศก-เพชรบุรี"" OR ""อโศก"" OR ""อ่อนนุช"" OR ""เกษมราษฎร์"" OR ""เกียกกาย"")",2023-09-27 10:32:08,2023-11-16 16:29:11,https://twitter.com/PHETSIAM/status/1706980032848318950,อโศก,,['https://pbs.twimg.com/media/F7BpSW0aoAAPsCF?format=jpg&name=small'],no
690,tookta1957,1706174313806893511,เขตป้อมปราบศัตรูพ่าย เยอะนะคะ ถนนทุกสายรอบวงเวียน22กรกฎา ผู้มีอิทธิพล ต่อเติม ขายอาหารบนถนน และฟุตบาท ถนนสันติภาพ ทางเท้า คือ ที่ซ่อมรถ เปลี่ยนยาง มานานแสนนาน ยังอยู่มากมาย รอบวงเวียนทุกถนน,"Pom Prap Sattru Phai District has a lot of them. Every road around the 22 July roundabout has influential people making additions, selling food on the road, and the sidewalk. Santiphap Road. The sidewalk has been a place for car repairs and tire changes for a long time. There are still a lot of them. Around every roundabout on every road",municipal office,TRUE,ทางเท้า,"(""ทางเท้า"" OR ""ทางเดิน"" OR ""ฟุตบาท"") AND (""พระนคร"" OR ""หนองจอก"" OR ""บางรัก"" OR ""บางเขน"" OR ""บางกะปิ"" OR ""ปทุมวัน"" OR ""ป้อมปราบศัตรูพ่าย"" OR ""พระโขนง"" OR ""มีนบุรี"" OR ""ลาดกระบัง"" OR ""ยานนาวา"" OR ""สัมพันธวงศ์"" OR ""พญาไท"" OR ""ธนบุรี"" OR ""บางกอกใหญ่"")",2023-09-25 5:10:30,2023-11-16 15:16:13,https://twitter.com/tookta1957/status/1706174313806893511,ป้อมปราบศัตรูพ่าย,,[],no
692,chtipnkel1,1706122528195010868,ว่างๆไปดูตามซอยต่างๆด้วย ที่เห็นคือ ซอย จรัญสนิทวงศ์ 22 หน้าวัดอัมพวา บนทางเท้าพ่อค้าแม่ค้าสร้างเพิงขายของถาวร จนประชาชน และเด็กนักเรียนต้องเดินบนพื้นถนน เสี่ยงรถชนมาก.,"If you have free time, go look at various alleys as well. What you see is Soi Charansanitwong 22 in front of Amphawa Temple. On the sidewalks, vendors built permanent shacks to sell their wares, causing citizens and schoolchildren to walk on the pavement. High risk of car crash.",municipal office,TRUE,ทางเท้า,"(""ทางเท้า"" OR ""ทางเดิน"" OR ""ฟุตบาท"") AND (""คลองตัน"" OR ""คลองเตย"" OR ""คอนแวนต์"" OR ""งามดูพลี"" OR ""งามวงศ์วาน"" OR ""จตุรทิศ"" OR ""จรัญสนิทวงศ์"" OR ""จอมทอง"" OR ""จักรวรรดิ"" OR ""จันทน์"" OR ""ชัยพฤกษ์"" OR ""ชิดลม"" OR ""ณ ระนอง"" OR ""ดาวคะนอง"" OR ""ดินสอ"")",2023-09-25 1:44:43,2023-11-16 15:34:00,https://twitter.com/chtipnkel1/status/1706122528195010868,จรัญสนิทวงศ์,,['https://pbs.twimg.com/media/F61FtTvX0AAUsKn.jpg'],no
801,wisan399,1704132465781272779,"ที่เยาวราช
ตอนกลางคืน
มันไม่ได้แค่ตั้ง
ขายบนฟุตบาทนะ
แต่ตั้งขาย
กันบนถนนเลยทีเดียว
ดื่มสุรากัน
กลาดเกลื่อน
ผมเกลียดเศรษฐกิจท่องเที่ยวมาก
ถ้าอยากมีสัมมาอาชีวะ
ต้องเศรษฐกิจสร้างสรรค์","At Yaowarat
at night
It's not just set.
Selling on the sidewalk
But set up for sale
Together on the road.
Let's drink alcohol.
all over
I really hate the tourist economy.
If you want to have a right livelihood
Must be a creative economy",municipal office,TRUE,ทางเท้า,"(""ทางเท้า"" OR ""ทางเดิน"" OR ""ฟุตบาท"") AND (""เจริญกรุง"" OR ""เจริญนคร"" OR ""เจริญราษฎร์"" OR ""เชื้อเพลิง"" OR ""เตาปูน"" OR ""เทพลีลา"" OR ""เทียมร่วมมิตร"" OR ""เพชรบุรี"" OR ""เพชรเกษม"" OR ""เพลินจิต"" OR ""เยาวราช"" OR ""เย็นอากาศ"" OR ""เลียบทางด่วน"" OR ""เลียบด่วน"" OR ""เลียบทางด่วนเอกมัย-รามอินทรา"")",2023-09-19 13:56:55,2023-11-16 16:34:05,https://twitter.com/wisan399/status/1704132465781272779,เยาวราช,,[],no
762,bongtao,1.73E+18,"อีกอย่างที่เปลี่ยนไปในบรรทัดทองคือ เริ่มมีรถเข็นมาตั้งขายอาหารบนฟุตบาทมากขึ้นเรื่อยๆ (แค่ที่ร้านห้องแถวตั้งโต๊ะเลยออกมาก็เยอะแล้ว) ส่วนใหญ่จะตั้งหน้าร้านที่ไม่ใช่ร้านอาหารซึ่งจะปิดตอนกลางคืน

ทางเดินฟุตบาทตอนนี้บางช่วงคือหายไปครึ่งนึง","Another thing that has changed in Banthat Thong is More and more carts are beginning to be set up to sell food on the sidewalk. (Just at shophouse shops, there are a lot of tables out there.) Most of them are set up in front of shops that aren't restaurants, which are closed at night.

The footpath is now half gone.",municipal office,TRUE,ทางเท้า,"(""ทางเท้า"" OR ""ทางเดิน"" OR ""ฟุตบาท"") AND (""นครสวรรค์"" OR ""นครไชยศรี"" OR ""นนทรี"" OR ""นราธิวาสราชนครินทร์"" OR ""นวมินทร์"" OR ""นวลจันทร์"" OR ""นักกีฬาแหลมทอง"" OR ""นางลิ้นจี่"" OR ""นานา"" OR ""บรมราชชนนี"" OR ""บรรทัดทอง"" OR ""บางกอกน้อย"" OR ""บางกะปิ"" OR ""บางขุนนนท์"" OR ""บางขุนพรหม"")",2023-11-24 1:22:27,2024-02-20 21:23:00,https://twitter.com/bongtao/status/1727860198075970040,บรรทัดทอง,,['https://pbs.twimg.com/media/F_mOMkSawAAp0gW?format=jpg&name=small'],no
50,Lookpat_twt,1723759929692172476,เคยลองเดินจากตลาดห้วยขวางกลับหอ ทางเท้ามีแต่แผงลอย คลองที่ข้ามน้ำเหม็นมาก ข้ามทางม้าลายก็เสี่ยงตาย เดินเข้าซอยหอก็เปลี่ยว พอเรียกรถก็ขี่อุบาดสวนเลนขับเบียดซิกแซกกุเสี่ยงตายอีก,"Have you ever tried walking from Huai Khwang Market back to the dormitory? The sidewalk has only stalls. The canal that crosses the water is very smelly. Crossing a zebra crossing risks death. Walking into Soi Hor, it was lonely. When I called for a car, I rode into the opposite lane and drove in a zigzag pattern, risking death again.",municipal office,TRUE,ทางเท้า,"(""ทางเท้า"" OR ""ทางเดิน"" OR ""ฟุตบาท"") AND (""ห้วยขวาง"" OR ""คลองสาน"" OR ""ตลิ่งชัน"" OR ""บางกอกน้อย"" OR ""บางขุนเทียน"" OR ""ภาษีเจริญ"" OR ""หนองแขม"" OR ""ราษฎร์บูรณะ"" OR ""บางพลัด"" OR ""ดินแดง"" OR ""บึงกุ่ม"" OR ""สาทร"" OR ""บางซื่อ"" OR ""จตุจักร"" OR ""บางคอแหลม"")",2023-11-12 17:49:27,2023-11-16 15:20:42,https://twitter.com/Lookpat_twt/status/1723759929692172476,ห้วยขวาง,,[],no
85,1966_CreamSoda,1.76E+18,ปัจจุบันยังมีพ่อค้าแม่ค้าแบบนี้ตามซอยในเขตวัฒนานะคะ พอแจ้งเทศกิจก็อ้างว่า ทำไมจะเปิดไม่ได้ ก็ยังมีทางให้เดินอยู่นี่  ทางเท้ากว้างไม่ถึงเมตรด้วยซ้ำ ตรรกะอะไรของคนพวกนี้ก็ไม่ทราบ,"Currently, there are still vendors like this in the alleys in Watthana District. When notified to the municipality, it was claimed that Why can't it be opened? There's still a way to walk here. The sidewalk isn't even a meter wide. What the logic of these people is, I don't know.",municipal office,TRUE,ทางเท้า,"(""ทางเท้า"" OR ""ทางเดิน"" OR ""ฟุตบาท"") AND (""ประเวศ"" OR ""คลองเตย"" OR ""สวนหลวง"" OR ""จอมทอง"" OR ""ดอนเมือง"" OR ""ราชเทวี"" OR ""ลาดพร้าว"" OR ""วัฒนา"" OR ""บางแค"" OR ""หลักสี่"" OR ""สายไหม"" OR ""คันนายาว"" OR ""สะพานสูง"" OR ""วังทองหลาง"" OR ""คลองสามวา"")",2024-02-15 7:28:53,2024-02-20 21:06:27,https://twitter.com/1966_CreamSoda/status/1758030603902210536,วัฒนา,,[],no
179,imcomingbabe,1.75E+18,มีคำถามคือ ชัชชาติจะมาจัดการเรื่องทางเท้าตรงบรรทัดทองกี่โมง ล่าสุดคือ ร้านค้ากินทางเท้าเกินครึ่งละ อีครึ่งเป็นที่ให้ลูกค้านั่งรออ่ะ คนเดินจะไม่ได้ละ มันแย่มากนะ ละเตาเอยใดก็อยู่หน้าร้าน อันตรายมากนะ,"The question is, what time will Chatchat come to take care of the sidewalk at Banthat Thong? The latest is that shops occupy more than half of the sidewalk. Half-way is where customers sit and wait. People won't be able to walk. It's very bad. Every stove is in front of the store. It's very dangerous.",municipal office,TRUE,ทางเท้า,"(""ทางเท้า"" OR ""ทางเดิน"" OR ""ฟุตบาท"") AND (""กรุงเทพ"" OR ""กทม"" OR ""ชัชชาติ"")",2024-02-04 17:12:14,2024-02-20 20:54:44,https://twitter.com/imcomingbabe/status/1754191143120818667,บรรทัดทอง,,[],no
298,ChocoGarido,1.75E+18,"ฟุตบาทเยาวราช นี่แทบจะไม่มีทางเดินละ ของวางขาย กันแบบไม่สนใจเลย
บางช่วง คนเดินต้องลงไปเดินบนถนนละ","Yaowarat footpath There are hardly any aisles here, with things being sold without any interest at all.
At times, pedestrians have to walk down the road.",municipal office,TRUE,ทางเท้า,"(""ทางเท้า"" OR ""ทางเดิน"" OR ""ฟุตบาท"") AND (""เจริญกรุง"" OR ""เจริญนคร"" OR ""เจริญราษฎร์"" OR ""เชื้อเพลิง"" OR ""เตาปูน"" OR ""เทพลีลา"" OR ""เทียมร่วมมิตร"" OR ""เพชรบุรี"" OR ""เพชรเกษม"" OR ""เพลินจิต"" OR ""เยาวราช"" OR ""เย็นอากาศ"" OR ""เลียบทางด่วน"" OR ""เลียบด่วน"" OR ""เลียบทางด่วนเอกมัย-รามอินทรา"")",2024-01-23 3:15:10,2024-02-20 22:07:31,https://twitter.com/ChocoGarido/status/1749631835649491114,เยาวราช,,[],no
48,Simmons37496127,1723769675656679557,เคยเดินจากเซนทรัลลาดพร้าวไปพหลโยธิน 34  คือไม่ไหวพังมาก  อากาศที่ กทม คือ ไม่น่าเดินด้วยแหละแต่อะไรก็ไม่หนักเท่ามอไซที่ขับขึ้นฟุตบาต  เเล้วมองเเรงเหมือนเราเกะกะทั้งๆที่มันคือทางเดิน   อันนี้คือแก้ยากสุด,"I once walked from Central Ladprao to Phahon Yothin 34, which is not very bad. The weather in Bangkok is not pleasant to walk with, but it's not as heavy as a motorcycle driving up the sidewalk. And they look at us like we're blocking the way even though it's a walkway. This one is the hardest to fix.",police department,TRUE,ทางเท้า,"(""ทางเท้า"" OR ""ทางเดิน"" OR ""ฟุตบาท"") AND (""กรุงเทพ"" OR ""กทม"" OR ""ชัชชาติ"")",2023-11-12 18:28:11,2023-11-16 14:52:12,https://twitter.com/Simmons37496127/status/1723769675656679557,ลาดพร้าว,,,
80,yakult_cool,1723223303090004374,"เส้นสุขุมวิทเป็นอะไรที่WTF มาก เมื่อเช้าต้นสุขุมวิทเจอเลนซ้ายจอดซื้อของกินริมฟุตบาทเป็นแถว ต่อมาซ.27ก่อนเอ็มควอเทียร์ รถตู้ทึบขาวจอดส่งของ ไม่แคร์แม้รถจะติดแค่ไหนกูใคร่จอดก็จอด เหี้ยมาก เลยมาอีกนิดก่อนเอกมัย รถยนต์อยู่เลน2ยูเทิร์นกลับไปอีกฝั่งแบบไม่แคร์รถหลังเบรคหัวทิ่ม
เหนื่อยใจ","The Sukhumvit line is very WTF. This morning, at the beginning of Sukhumvit, I encountered a lane on the left, stopping to buy food along the sidewalk in a row. Later Soi 27 before EmQuartier A solid white van stops to deliver goods. I don't care no matter how congested the traffic is. I want to park and I park. I'm so stupid, so I come a little further before Ekkamai. A car in lane 2 made a U-turn to the other side without caring about the car after braking headlong.
I'm tired.",police department,TRUE,ทางเท้า,"(""ทางเท้า"" OR ""ทางเดิน"" OR ""ฟุตบาท"") AND (""สาทร"" OR ""สาทรเหนือ"" OR ""สาทรใต้"" OR ""สาธุประดิษฐ์"" OR ""สามย่าน"" OR ""สามเสน"" OR ""สายไหม"" OR ""สายไหม-ลำลูกกา"" OR ""สำเพ็ง"" OR ""สิรินธร"" OR ""สีลม"" OR ""สี่พระยา"" OR ""สุขสวัสดิ์"" OR ""สุขุมวิท"" OR ""สุทธิสาร"")",2023-11-11 6:17:06,2023-11-16 16:20:05,https://twitter.com/yakult_cool/status/1723223303090004374,สุขุมวิท,,,
104,TrueDemocracy14,1722637055271088463,ตอนนี้เห็นรถมอไซค์วิ่งบนฟุตบาททางเคนดินแแถวบางเขนเยอะทุกวัน ไม่รู้นโยบายจับแบบตอนนั้นยังมีอยู่หรือป้าว? ตอนแรกๆเห็นมีโต๊ะเทศกิจมาค่อยจับ ตอนนี้ไม่มีแล้ว,"Now we see a lot of motorcycles running on the sidewalk on Kendin Road near Bang Khen every day. I don't know if the arrest policy like that back then still exists or not? At first, I saw there was a municipal table coming to catch me. Now there's no more.",police department,TRUE,ทางเท้า,"(""ทางเท้า"" OR ""ทางเดิน"" OR ""ฟุตบาท"") AND (""พระนคร"" OR ""หนองจอก"" OR ""บางรัก"" OR ""บางเขน"" OR ""บางกะปิ"" OR ""ปทุมวัน"" OR ""ป้อมปราบศัตรูพ่าย"" OR ""พระโขนง"" OR ""มีนบุรี"" OR ""ลาดกระบัง"" OR ""ยานนาวา"" OR ""สัมพันธวงศ์"" OR ""พญาไท"" OR ""ธนบุรี"" OR ""บางกอกใหญ่"")",2023-11-09 15:27:33,2023-11-16 15:16:13,https://twitter.com/TrueDemocracy14/status/1722637055271088463,บางเขน,,,
192,qeeeenp,1719604126601154586,ไปดูสภาพฟุตบาทอโศก ทั้งสกปรก เดินลำบาก มอไซจอดกินทีตลอดเวลา,"Went to see the condition of the Asoke footpath: dirty, difficult to walk, and motorbikes parked all the time.",police department,TRUE,ทางเท้า,"(""ทางเท้า"" OR ""ทางเดิน"" OR ""ฟุตบาท"") AND (""อนุสาวรีย์ชัยฯ"" OR ""อรุณอมรินทร์"" OR ""อังรีดูนังต์"" OR ""อัสสัมชัญ"" OR ""อาจณรงค์"" OR ""อิสรภาพ"" OR ""อุดมสุข"" OR ""อู่ทองนอก"" OR ""อู่ทองใน"" OR ""อโศก-ดินแดง"" OR ""อโศก-เพชรบุรี"" OR ""อโศก"" OR ""อ่อนนุช"" OR ""เกษมราษฎร์"" OR ""เกียกกาย"")",2023-11-01 6:35:47,2023-11-16 16:29:11,https://twitter.com/qeeeenp/status/1719604126601154586,อโศก,,,
275,js100radio,1716758235762614428,RT@piyawatb 17:00 #พระราม4 มุ่งพระโขนงรถติดมาก ถึงแยกกล้วยน้ำไท จยย.วิ่งฟุตบาท #รถติด,"RT@piyawatb 17:00 #Rama 4 heading to Phra Khanong, traffic is heavy. Arrive at Kluai Nam Thai intersection. Motorcycle running on footpath #traffic jam",police department,TRUE,ทางเท้า,"(""ทางเท้า"" OR ""ทางเดิน"" OR ""ฟุตบาท"") AND (""พระนคร"" OR ""หนองจอก"" OR ""บางรัก"" OR ""บางเขน"" OR ""บางกะปิ"" OR ""ปทุมวัน"" OR ""ป้อมปราบศัตรูพ่าย"" OR ""พระโขนง"" OR ""มีนบุรี"" OR ""ลาดกระบัง"" OR ""ยานนาวา"" OR ""สัมพันธวงศ์"" OR ""พญาไท"" OR ""ธนบุรี"" OR ""บางกอกใหญ่"")",2023-10-24 10:07:13,2023-11-16 15:16:13,https://twitter.com/js100radio/status/1716758235762614428,พระโขนง,,,
276,piyawatb,1716757449229951166,@js100radio @fm91trafficpro @traffic_1197 17:00 #พระราม4 มุ่งพระโขนงรถติดมาก ถึงแยกกล้วยน้ำไท มอไซด์วิ่งฟุตบาท,"@js100radio @fm91trafficpro @traffic_1197 17:00 #Rama 4 heading to Phra Khanong, heavy traffic. Arrive at Kluai Nam Thai intersection. Motorbike running on footpath",police department,TRUE,ทางเท้า,"(""ทางเท้า"" OR ""ทางเดิน"" OR ""ฟุตบาท"") AND (""พระนคร"" OR ""หนองจอก"" OR ""บางรัก"" OR ""บางเขน"" OR ""บางกะปิ"" OR ""ปทุมวัน"" OR ""ป้อมปราบศัตรูพ่าย"" OR ""พระโขนง"" OR ""มีนบุรี"" OR ""ลาดกระบัง"" OR ""ยานนาวา"" OR ""สัมพันธวงศ์"" OR ""พญาไท"" OR ""ธนบุรี"" OR ""บางกอกใหญ่"")",2023-10-24 10:04:06,2023-11-16 15:16:13,https://twitter.com/piyawatb/status/1716757449229951166,พระโขนง,,,
357,Sompun_mfp,1714496627321548931,"เช้านี้ (18/10/66) ทีมส้มปั่น ได้ส่งเรื่องเสนอแนะกับทางเขตดินแดงว่า

เมื่อคืนมีงานไหว้ราหูย้ายมีคนเดินทางมาเข้าร่วมจำนวนมาก ทำให้เกิดการจราจรติดขัด มีคนออกมายืนกลางถนน มีรถจอดริมฟุตบาท อยากให้ทางเขตช่วยประสานกับศาลเทวลัยพระพิฆเนศว่า…","This morning (18/10/66) the Sompun team sent a suggestion to the Din Daeng District that

Last night there was a ceremony to pay respects to Rahu, with many people traveling to join in. causing traffic jams There were people standing in the middle of the road. There are cars parked along the sidewalk. I would like the district to help coordinate with the Ganesha Temple Shrine...",police department,TRUE,ทางเท้า,"(""ทางเท้า"" OR ""ทางเดิน"" OR ""ฟุตบาท"") AND (""ห้วยขวาง"" OR ""คลองสาน"" OR ""ตลิ่งชัน"" OR ""บางกอกน้อย"" OR ""บางขุนเทียน"" OR ""ภาษีเจริญ"" OR ""หนองแขม"" OR ""ราษฎร์บูรณะ"" OR ""บางพลัด"" OR ""ดินแดง"" OR ""บึงกุ่ม"" OR ""สาทร"" OR ""บางซื่อ"" OR ""จตุจักร"" OR ""บางคอแหลม"")",2023-10-18 4:20:24,2023-11-16 15:20:42,https://twitter.com/Sompun_mfp/status/1714496627321548931,ดินแดง,,,
362,PpPP0op,1714326053332926562,"พื้นทางเดินไม่สม่ำเสมอ ควรได้รับการแก้ไข บริเวณประตูงามวงศ์วาน1
#IDKU #KU #Kasetsart #ม.เกษตร #ManSo #แมนโซ #ManandSociety #มนุษย์กับสังคม #01999141 #ภาคต้น #2566 #เพื่อการเปลี่ยนแปลงอย่างสร้างสรรค์","The walking surface is uneven. should be fixed Around Ngamwongwan Gate 1
#IDKU #KU #Kasetsart #Kasetsart University #ManSo #Manso #ManandSociety #Humans and society #01999141 #First part #2023 #For creative change",police department,TRUE,ทางเท้า,"(""ทางเท้า"" OR ""ทางเดิน"" OR ""ฟุตบาท"") AND (""คลองตัน"" OR ""คลองเตย"" OR ""คอนแวนต์"" OR ""งามดูพลี"" OR ""งามวงศ์วาน"" OR ""จตุรทิศ"" OR ""จรัญสนิทวงศ์"" OR ""จอมทอง"" OR ""จักรวรรดิ"" OR ""จันทน์"" OR ""ชัยพฤกษ์"" OR ""ชิดลม"" OR ""ณ ระนอง"" OR ""ดาวคะนอง"" OR ""ดินสอ"")",2023-10-17 17:02:36,2023-11-16 15:34:00,https://twitter.com/PpPP0op/status/1714326053332926562,งามวงศ์วาน,,,
374,jackkrawut,1714216216221679738,ตัวอย่างบ้านเรา ปั่นจักรยานออกมา จูงข้ามถนน ยกขึ้นฟุตบาท เข็นหลบเสา ลงทางหิน อุ้มขึ้นบันได จอดตรงที่ล็อคจักรยาน สถานีดอนเมืองพอดี หรือมอเตอร์ไซค์ก็มาเช้าหน่อยมีที่จอด ถ้าสายต้องไปตรงฟุตบาทข้างทางขึ้น เพราะอีกลานจอดมอไซค์มีรถยนต์กับวินตั้งตัวเป็นมาเฟียไม่ให้จอด แจ้ง รฟท. เงียบสนิท,"Example of our house Take a bicycle out, take it across the road, lift it up the sidewalk, push it around a pole, go down a rocky path, carry it up the stairs. Park at the bike lock. Don Mueang Station Or motorbikes, come early and there's parking. If the line has to go directly to the footpath next to the entrance. Because in another motorcycle parking lot there were cars and people who were acting like the mafia not letting them park. They informed the SRT that it was completely quiet.",police department,TRUE,ทางเท้า,"(""ทางเท้า"" OR ""ทางเดิน"" OR ""ฟุตบาท"") AND (""ประเวศ"" OR ""คลองเตย"" OR ""สวนหลวง"" OR ""จอมทอง"" OR ""ดอนเมือง"" OR ""ราชเทวี"" OR ""ลาดพร้าว"" OR ""วัฒนา"" OR ""บางแค"" OR ""หลักสี่"" OR ""สายไหม"" OR ""คันนายาว"" OR ""สะพานสูง"" OR ""วังทองหลาง"" OR ""คลองสามวา"")",2023-10-17 9:46:09,2023-11-16 15:25:10,https://twitter.com/jackkrawut/status/1714216216221679738,ดอนเมือง,,,
453,pumichou,1711659089779175521,เกือบขิตบนฟุตบาทรอบที่ n  มอไซประเทศพญาไทเขาเป๊ะอยู่ล้า >_<,Almost died on the footpath the nth time. The motorcycle in Phaya Thai country is perfect. I'm tired >_<,police department,TRUE,ทางเท้า,"(""ทางเท้า"" OR ""ทางเดิน"" OR ""ฟุตบาท"") AND (""พระนคร"" OR ""หนองจอก"" OR ""บางรัก"" OR ""บางเขน"" OR ""บางกะปิ"" OR ""ปทุมวัน"" OR ""ป้อมปราบศัตรูพ่าย"" OR ""พระโขนง"" OR ""มีนบุรี"" OR ""ลาดกระบัง"" OR ""ยานนาวา"" OR ""สัมพันธวงศ์"" OR ""พญาไท"" OR ""ธนบุรี"" OR ""บางกอกใหญ่"")",2023-10-10 8:25:02,2023-11-16 15:16:13,https://twitter.com/pumichou/status/1711659089779175521,พญาไท,,,
500,chippyyellow,1709782862189490276,เส้นเจริญกรุงบนทางเท้า ตอนนี้มีเด็กประมาณ 3-4 คน เอาปืนอัดลมมายิงเล่น แล้วยิงใส่กันรัวๆ แล้วยิงอัดกันจริงๆ เราเดินผ่าน น้องก็ยังไม่หยุดยิง พ่อแม่กรุณาอบรมและเข้ามาดูแลด่วน ไม่โอเคสุดๆ ปืนของเล่นที่ไม่เล่น เจ้าหน้าที่รัฐควรทำไรสักอย่างจริงๆ ไม่โอเคเลย ยิ่งข่าวเมื่อวานอีก #พารากอน,"Charoenkrung Line on the sidewalk Now there are about 3-4 kids bringing air guns to play with. Then shoot at each other repeatedly. Then they really shot at each other. We walked past and the young man still didn't stop shooting. Parents, please provide training and come take care of me immediately. I'm really not okay with a toy gun that I don't play with. Government officials should really do something. It's not okay at all, especially yesterday's news. #Paragon",police department,TRUE,ทางเท้า,"(""ทางเท้า"" OR ""ทางเดิน"" OR ""ฟุตบาท"") AND (""เจริญกรุง"" OR ""เจริญนคร"" OR ""เจริญราษฎร์"" OR ""เชื้อเพลิง"" OR ""เตาปูน"" OR ""เทพลีลา"" OR ""เทียมร่วมมิตร"" OR ""เพชรบุรี"" OR ""เพชรเกษม"" OR ""เพลินจิต"" OR ""เยาวราช"" OR ""เย็นอากาศ"" OR ""เลียบทางด่วน"" OR ""เลียบด่วน"" OR ""เลียบทางด่วนเอกมัย-รามอินทรา"")",2023-10-05 4:09:35,2023-11-16 16:34:05,https://twitter.com/chippyyellow/status/1709782862189490276,เจริญกรุง,,,
596,comronPengkhun1,1707298138061787218,ตอนเช้า 6:00-10:00 น ไปทำข่าวหน้าบิ๊กซี ตรงตลาดอ่อนนุชก็ดีเหมือนกันนะครับ เอาตะแกรงเหล็กมากั้นคนลงจากรถโดยสารไม่สามารถขึ้นไปบนฟุตบาทได้และก็มีวินมอเตอร์ไซค์มาจอด นรกจริงๆครับตรงนั้นผมบอกไว้เลย กรุณาไปทำข่าวตอนเช้าด้วยนะครับ เห็นแล้วสงสารคนลงจากรถโดยสารสีขาว รถโดยสารเล็ก,"In the morning, 6:00-10:00 a.m., go do news in front of Big C. The On Nut market is also good. A steel grid was put in to prevent people from getting off buses from getting onto the footpath, and there were motorcycle taxi drivers stopping by. It really is hell, right there I told you. Please go do the morning news. I saw that I felt sorry for the people who got off the white bus, the small bus.",police department,TRUE,ทางเท้า,"(""ทางเท้า"" OR ""ทางเดิน"" OR ""ฟุตบาท"") AND (""อนุสาวรีย์ชัยฯ"" OR ""อรุณอมรินทร์"" OR ""อังรีดูนังต์"" OR ""อัสสัมชัญ"" OR ""อาจณรงค์"" OR ""อิสรภาพ"" OR ""อุดมสุข"" OR ""อู่ทองนอก"" OR ""อู่ทองใน"" OR ""อโศก-ดินแดง"" OR ""อโศก-เพชรบุรี"" OR ""อโศก"" OR ""อ่อนนุช"" OR ""เกษมราษฎร์"" OR ""เกียกกาย"")",2023-09-28 7:36:10,2023-11-16 16:29:11,https://twitter.com/comronPengkhun1/status/1707298138061787218,อ่อนนุช,,,
697,JomJam73131,1706030033327038572,ตีสองครึ่งแล้ว พวกขี้เหล้ามยังไม่กลับบ้านกลับช่องกันอีก กรรมเวรของลูกบ้านคอนโดที่ร้านเหล้าผุดเป็นดอกเห็ดอยู่ตรงข้าม สน.บางซื่อ มันเริ่ด ทั้งเหลาเหลาบนทางเท้า ร้านเหล้าที่ร้านปิดแต่คนไม่จบ เอาลำโพงมาเปิดพร้อมตะโกนร้องเพลงดังแค่ไหน สายตรวจก็ไม่ได้ยิน สน.ที่อยู่ใกล้ๆ ก็ไม่ได้ยิน,"It's half past two. The drunkards still haven't gone home yet. The karma of condo residents whose liquor store has mushroomed across from Bang Sue Police Station is awesome, both on the sidewalk. The liquor store is closed but people aren't there. Bring a loudspeaker and turn it on and shout how loudly you can sing. The patrol couldn't hear. The nearby police station couldn't hear him.",police department,TRUE,ทางเท้า,"(""ทางเท้า"" OR ""ทางเดิน"" OR ""ฟุตบาท"") AND (""ห้วยขวาง"" OR ""คลองสาน"" OR ""ตลิ่งชัน"" OR ""บางกอกน้อย"" OR ""บางขุนเทียน"" OR ""ภาษีเจริญ"" OR ""หนองแขม"" OR ""ราษฎร์บูรณะ"" OR ""บางพลัด"" OR ""ดินแดง"" OR ""บึงกุ่ม"" OR ""สาทร"" OR ""บางซื่อ"" OR ""จตุจักร"" OR ""บางคอแหลม"")",2023-09-24 19:37:11,2023-11-16 15:20:42,https://twitter.com/JomJam73131/status/1706030033327038572,บางซื่อ,,,
747,goingginggo,1705197759970906309,ละแถวเส้นบางนาใครติดป้ายอะไรไว้มาเก็บที ทางเท้าไม่ใช่ทางเท้า อห ทั้งมอไซทั้งป้ายที่ไม่เก็บ ไม่มีทางให้เดินละ,"Around the Bang Na line, whoever put a sign on it, please come and collect it. The sidewalk is not a sidewalk. Oh, there are motorcycles and signs that aren't kept. There's no way to walk.",police department,TRUE,ทางเท้า,"(""ทางเท้า"" OR ""ทางเดิน"" OR ""ฟุตบาท"") AND (""บางนา"" OR ""ทวีวัฒนา"" OR ""ทุ่งครุ"" OR ""บางบอน"" OR ""กรุงธนบุรี"" OR ""กรุงเทพกรีฑา"" OR ""กล้วยน้ำไท"" OR ""กัลปพฤกษ์"" OR ""กัลยาณไมตรี"" OR ""กาญจนาภิเษก"" OR ""กำแพงเพชร"" OR ""กิ่งแก้ว"" OR ""ขี้เสือใหญ่สามัคคี"" OR ""ข้าวสาร"" OR ""ครุใน"")",2023-09-22 12:30:01,2023-11-16 15:29:44,https://twitter.com/goingginggo/status/1705197759970906309,บางนา,,,
812,kunthi_kunthida,1703779539099480565,ฝากรบกวนดูพื้นที่ฟุตบาท และมไซที่จอดข้างทาง รวมถึงคนนั่งดื่มแอลกอฮอล์ที่ฟุตบาทในซอยศาลาแดง 2 ด้วยนะคะ,Please take a look at the footpath area. and motorcycles parked on the side of the road Including people drinking alcohol on the footpath in Soi Saladaeng 2.,police department,TRUE,ทางเท้า,"(""ทางเท้า"" OR ""ทางเดิน"" OR ""ฟุตบาท"") AND (""ศาลาธรรมสพน์"" OR ""ศาลาแดง"" OR ""ศิริพงษ์"" OR ""สนามไชย"" OR ""สมเด็จพระนเรศวรมหาราช"" OR ""สมเด็จพระปิ่นเกล้า"" OR ""สมเด็จพระเจ้าตากสิน"" OR ""สมเด็จเจ้าพระยา"" OR ""สวนสยาม"" OR ""สวนหลวง"" OR ""สวรรคโลก"" OR ""สะพานควาย"" OR ""สะพานพุทธ"" OR ""สังคโลก"" OR ""สาทร-คอนแวนต์"")",2023-09-18 14:34:31,2023-11-16 16:15:34,https://twitter.com/kunthi_kunthida/status/1703779539099480565,ศาลาแดง,,,
940,SSSMKXX,1702195992031060120,คนไทยติดสบายจริงค่ะ ขนาดรถจอดบนฟุตบาทไม่มีทางเดินยังไม่มีใครว่าเลย อันนี้ย่านอโศก,"Thai people are really comfortable. Even if the car is parked on the sidewalk with no walkway, no one has complained about it. This one is in the Asoke area.",police department,TRUE,ทางเท้า,"(""ทางเท้า"" OR ""ทางเดิน"" OR ""ฟุตบาท"") AND (""อนุสาวรีย์ชัยฯ"" OR ""อรุณอมรินทร์"" OR ""อังรีดูนังต์"" OR ""อัสสัมชัญ"" OR ""อาจณรงค์"" OR ""อิสรภาพ"" OR ""อุดมสุข"" OR ""อู่ทองนอก"" OR ""อู่ทองใน"" OR ""อโศก-ดินแดง"" OR ""อโศก-เพชรบุรี"" OR ""อโศก"" OR ""อ่อนนุช"" OR ""เกษมราษฎร์"" OR ""เกียกกาย"")",2023-09-14 5:42:04,2023-11-16 16:29:11,https://twitter.com/SSSMKXX/status/1702195992031060120,อโศก,,,
1005,Poor__cherry,1701501439196184947,ห้วยขวางบ่อย ทั้งจีนทั้งไทยขับรถตัวเฮียเกินขึ้นมาจอดบนฟุตบาทก็มี,Huai Khwang often has both Chinese and Thai drivers driving too big to park on the sidewalk.,police department,TRUE,ทางเท้า,"(""ทางเท้า"" OR ""ทางเดิน"" OR ""ฟุตบาท"") AND (""ห้วยขวาง"" OR ""คลองสาน"" OR ""ตลิ่งชัน"" OR ""บางกอกน้อย"" OR ""บางขุนเทียน"" OR ""ภาษีเจริญ"" OR ""หนองแขม"" OR ""ราษฎร์บูรณะ"" OR ""บางพลัด"" OR ""ดินแดง"" OR ""บึงกุ่ม"" OR ""สาทร"" OR ""บางซื่อ"" OR ""จตุจักร"" OR ""บางคอแหลม"")",2023-09-12 7:42:10,2023-11-16 15:20:42,https://twitter.com/Poor__cherry/status/1701501439196184947,ห้วยขวาง,,,
36,JBerrySu,1723926784394379352,"ขอทานต่างชาตินั่งขวางทางเดินบนฟุตบาทและ skywalk ย่านสุขุมวิท ทั้งอโศก เพลินจิต ราชประสงค์ เจ้าหน้าที่ควรจัดการให้เด็ดขาดสิ้นซากซะทีนะ ขะมักเขม้นทำงานกันบ้าง #กรุงเทพมหานคร #ผู้ว่ากรุงเทพ
#ชัชชาติสิทธิพันธุ์","Foreign beggars sit blocking sidewalks and skywalks in the Sukhumvit area, including Asoke, Ploenchit, and Ratchaprasong. Authorities should take action to eradicate them. Let's work diligently. #Bangkok #Governor of Bangkok
#Chatchart Sitthiphan",police department,TRUE,ทางเท้า,"(""ทางเท้า"" OR ""ทางเดิน"" OR ""ฟุตบาท"") AND (""ยมราช"" OR ""ยานนาวา"" OR ""ยี่สิบสองกรกฎาคม"" OR ""รัชดา-ท่าพระ"" OR ""รัชดาภิเษก"" OR ""รางน้ำ"" OR ""ราชดำริ"" OR ""ราชดำเนินกลาง"" OR ""ราชดำเนินนอก"" OR ""ราชดำเนินใน"" OR ""ราชบพิธ"" OR ""ราชประสงค์"" OR ""ราชปรารภ"" OR ""ราชพฤกษ์"" OR ""ราชวิถี"")",2023-11-13 4:52:29,2023-11-16 16:01:37,https://twitter.com/JBerrySu/status/1723926784394379352,ราชประสงค์,,,
43,RedMe_Da,1723853220164894899,ไปเที่ยวไต้หวัน5วัน เดินวันละเกือบสองหมื่นก้าว โดยที่ไม่ต้องกลัวฟุตบาทพลิก ไม่ต้องกลัวสะดุดพื้นขรุขระหรือชำรุด ไม่ต้องกลัวโดนมอไซชนบนทางเท้า ไม่ต้องกลัวรถชนตรงทางข้ามม้าลาย แต่เมื่อวานเดินตรงถนนอโศกแค่ไม่กี่นาที เจอทุกข้อที่กล่าวมา มันจะเดินได้ยังไงในเมื่อสภาพแวดล้อมไม่อำนวยเลย,Travel to Taiwan for 5 days Walk nearly twenty thousand steps a day. without having to be afraid of the footpath flipping No need to be afraid of tripping on rough or damaged floors. Don't be afraid of being hit by a motorcycle on the sidewalk. Don't be afraid of being hit by a car at a zebra crossing. But yesterday I walked on Asoke Road for just a few minutes. Found all of the above. How can it walk when the environment doesn't support it at all?,police department,TRUE,ทางเท้า,"(""ทางเท้า"" OR ""ทางเดิน"" OR ""ฟุตบาท"") AND (""อนุสาวรีย์ชัยฯ"" OR ""อรุณอมรินทร์"" OR ""อังรีดูนังต์"" OR ""อัสสัมชัญ"" OR ""อาจณรงค์"" OR ""อิสรภาพ"" OR ""อุดมสุข"" OR ""อู่ทองนอก"" OR ""อู่ทองใน"" OR ""อโศก-ดินแดง"" OR ""อโศก-เพชรบุรี"" OR ""อโศก"" OR ""อ่อนนุช"" OR ""เกษมราษฎร์"" OR ""เกียกกาย"")",2023-11-13 0:00:09,2023-11-16 16:29:11,https://twitter.com/RedMe_Da/status/1723853220164894899,อโศก,,,
961,QueenieeG_,1702159102435340327,เดินอะไรหมื่นก้าวก่อน แค่เดิน2-3ป้ายรถเมล์ตรงสุขุมวิท ก็หลบมอไซค์ชิปหายแล้ว วิ่งบนฟุตบาทแถมถ้าไม่หลบคือด่ายันแม่ งงพี่มาวิ่งอะไรบนฟุตบาทก่อน แล้วแบบนี้ใครมันอยากจะเดิน แถมถนนประเทศไทยเดินเรียบมากมั้ง,"What did you walk ten thousand steps first? Just walk 2-3 bus stops at Sukhumvit. I dodged the motorcycle and the chip was gone. Running on the sidewalk and if you don't dodge, you'll curse your mother. I'm confused, what did you do on the sidewalk first? And like this, who wants to walk? Plus, Thailand's roads are very smooth.",police department,TRUE,ทางเท้า,"(""ทางเท้า"" OR ""ทางเดิน"" OR ""ฟุตบาท"") AND (""สาทร"" OR ""สาทรเหนือ"" OR ""สาทรใต้"" OR ""สาธุประดิษฐ์"" OR ""สามย่าน"" OR ""สามเสน"" OR ""สายไหม"" OR ""สายไหม-ลำลูกกา"" OR ""สำเพ็ง"" OR ""สิรินธร"" OR ""สีลม"" OR ""สี่พระยา"" OR ""สุขสวัสดิ์"" OR ""สุขุมวิท"" OR ""สุทธิสาร"")",2023-09-14 3:15:29,2023-11-16 16:20:05,https://twitter.com/QueenieeG_/status/1702159102435340327,สุขุมวิท,,,
92,worldofker,1.76E+18,"เคยเจอที่สยาม ไล่ตุ๊กๆให้ขับขึ้นไปบนฟุตบาท แล้วสามารถใช้คำว่า""ไล่เป็นหมูเป็นหมา""ได้เลย เห็นแล้วยังหงุดหงิด","I've met in Siam. Chasing a tuk tuk to drive onto the footpath You can then use the phrase ""chasing like a pig and becoming a dog"". I saw it and was still annoyed.",police department,TRUE,ทางเท้า,"(""ทางเท้า"" OR ""ทางเดิน"" OR ""ฟุตบาท"") AND (""เศรษฐศิริ"" OR ""เสนานิคม"" OR ""เสรีไทย"" OR ""เสาชิงช้า"" OR ""เสือป่า"" OR ""เอกชัย"" OR ""เอกมัย"" OR ""แจ้งวัฒนะ"" OR ""แปลงนาม"" OR ""แฮปปี้แลนด์"" OR ""โชคชัย 4"" OR ""ไฟฉาย"" OR ""สยาม"" OR ""เฉลิมเผ่า"")",2024-02-14 16:53:41,2024-02-20 22:11:15,https://twitter.com/worldofker/status/1757810355265548683,สยาม,,,
94,DontDelete__Me,1.76E+18,เดินออกจากตึกแถวอโศกคือรถเยอะโคตรๆ มอไซด์แม่งก็ขึ้นฟุตบาทกันเพียบ,"Walking out of the Asoke shophouse, there are a lot of cars. There are a lot of motorcycles riding on the sidewalk.",police department,TRUE,ทางเท้า,"(""ทางเท้า"" OR ""ทางเดิน"" OR ""ฟุตบาท"") AND (""อนุสาวรีย์ชัยฯ"" OR ""อรุณอมรินทร์"" OR ""อังรีดูนังต์"" OR ""อัสสัมชัญ"" OR ""อาจณรงค์"" OR ""อิสรภาพ"" OR ""อุดมสุข"" OR ""อู่ทองนอก"" OR ""อู่ทองใน"" OR ""อโศก-ดินแดง"" OR ""อโศก-เพชรบุรี"" OR ""อโศก"" OR ""อ่อนนุช"" OR ""เกษมราษฎร์"" OR ""เกียกกาย"")",2024-02-14 12:36:40,2024-02-20 22:03:26,https://twitter.com/DontDelete__Me/status/1757745673062236458,อโศก,,,
118,BlackMercy,1.76E+18,"Ed Sheeran เลิก 4 ทุ่มครึ่ง เดินจากราชมังไป MRT สีเหลือง 3 กิโล คอยหลบวินมอไซที่ขี่ย้อนศรบนฟุตบาทประมาณ 50 คันตลอดทาง สะดุดหลุม 1 ที นั่งไปลง MRT ลาดพร้าวแล้วต้องต่อ Taxi เพราะ MRT สีน้ำเงินปิดแล้ว กว่าจะโบกได้รออีก 15 นาที

เหมาะกับการเป็นแหล่งจัดคอนเสิร์ตมากๆ ครับ
#EdSheeranBKK","Ed Sheeran left at 10:30 p.m., walked 3 kilometers from Rajamangala to the yellow MRT, dodged about 50 motorbikes riding in reverse on the sidewalk along the way, tripped over a pothole once, took the MRT to Lat Phrao and then had to take a taxi because the blue MRT was closed. already Before you could wave, you had to wait another 15 minutes.

It is very suitable for being a concert venue.
#EdSheeranBKK",police department,TRUE,ทางเท้า,"(""ทางเท้า"" OR ""ทางเดิน"" OR ""ฟุตบาท"") AND (""ประเวศ"" OR ""คลองเตย"" OR ""สวนหลวง"" OR ""จอมทอง"" OR ""ดอนเมือง"" OR ""ราชเทวี"" OR ""ลาดพร้าว"" OR ""วัฒนา"" OR ""บางแค"" OR ""หลักสี่"" OR ""สายไหม"" OR ""คันนายาว"" OR ""สะพานสูง"" OR ""วังทองหลาง"" OR ""คลองสามวา"")",2024-02-12 10:39:08,2024-02-20 21:06:27,https://twitter.com/BlackMercy/status/1756991319401209943,ลาดพร้าว,,,
142,icyremy,1.76E+18,มี รถยนตร์ รถ มอเตอรไซค์ จอดถาวร บนทางเท้า หน้าหมู่บ้าน เศรษฐสิริ เขต #ทวีวัฒนา แจ้ง เขต ไปเทศกิจ มา ผ่านไป3 วัน ก็ยึดทางเท้าใหม่ แบบนี้ ต้องทำยังไงครับ #ชัชชาติ #ผู้ว่ากทม แจ้งจนหมดกำลังใจแล้ว,"There are cars, motorcycles parked permanently on the sidewalk in front of Setthasiri Village, #Thawiwatthana District. Notified the district of going to the municipality. After 3 days, they took over the new sidewalk like this. What should I do? #Chatchart #Governor Thom has informed me until I'm exhausted.",police department,TRUE,ทางเท้า,"(""ทางเท้า"" OR ""ทางเดิน"" OR ""ฟุตบาท"") AND (""กรุงเทพ"" OR ""กทม"" OR ""ชัชชาติ"")",2024-02-08 14:44:51,2024-02-20 20:54:44,https://twitter.com/icyremy/status/1755603604529156393,วัฒนา,,,
227,famikoOU,1.75E+18,"แถวหน้ารพ.กล้วยน้ำไท คือ มอไซขึ้นฟุตบาทกันฉ่ำ แบบไม่เกรงใจคนเดิน 
ยิ่งทำทางเดินใหม่ พื้นเรียบๆขับคล่องเลยทีนี้
ยังหันมาถามกูด้วยนะ ไม่ไปอ่อ สภาพพพ
#รถติด","In the front row of Kluai Nam Thai Hospital are motorcycles riding the sidewalk. Without consideration for pedestrians
The more you make a new path The floor is smooth and easy to drive.
You also turned to ask me. No, no. What's the condition?
#traffic jam",police department,TRUE,ทางเท้า,"(""ทางเท้า"" OR ""ทางเดิน"" OR ""ฟุตบาท"") AND (""บางนา"" OR ""ทวีวัฒนา"" OR ""ทุ่งครุ"" OR ""บางบอน"" OR ""กรุงธนบุรี"" OR ""กรุงเทพกรีฑา"" OR ""กล้วยน้ำไท"" OR ""กัลปพฤกษ์"" OR ""กัลยาณไมตรี"" OR ""กาญจนาภิเษก"" OR ""กำแพงเพชร"" OR ""กิ่งแก้ว"" OR ""ขี้เสือใหญ่สามัคคี"" OR ""ข้าวสาร"" OR ""ครุใน"")",2024-01-29 11:55:07,2024-02-20 21:10:43,https://twitter.com/famikoOU/status/1751937009088876621,กล้วยน้ำไท,,,
235,pomkhortod,1.75E+18,มาดูบางขุนเทียนทีครับ นี่ขนาดมีป้าย ไม่รู้รับส่วยพวกวินรึป่าว ขับแต่บนทางเท้า ทางเดินก็มีอยู่แค่นี้ ขี่มอไซจี้ตูดคนเดินทางเท้าให้เดินไวๆ พิกัดหน้าตลาดพิบูลวิทย์ ใกล้เซ็นทรัลพระราม 2 ครับ,Come see Bang Khun Thian. This size has a label. I don't know whether to pay tribute to the Wins or not. Drive only on the sidewalk. There is only this path. Riding a motorcycle and tickling the ass of a pedestrian to make them walk quickly. Location in front of Phibunwit Market Near Central Rama 2.,police department,TRUE,ทางเท้า,"(""ทางเท้า"" OR ""ทางเดิน"" OR ""ฟุตบาท"") AND (""บางขุนเทียน"" OR ""บางนา"" OR ""บางนา-ตราด"" OR ""บางบอน"" OR ""บางพลัด"" OR ""บางแค"" OR ""บำรุงเมือง"" OR ""บ้านหม้อ"" OR ""ประชาชื่น"" OR ""ประชานิเวศน์"" OR ""ประชาราษฎร์บำเพ็ญ"" OR ""ประชาสงเคราะห์"" OR ""ประชาอุทิศ"" OR ""ประดิพัทธ์"" OR ""ประดิษฐ์มนูธรรม"")",2024-01-28 12:09:56,2024-02-20 21:27:09,https://twitter.com/pomkhortod/status/1751578350462865899,บางขุนเทียน,,,
258,Madee18,1.75E+18,ทางเท้า ถนนพระราม4  ก่อนออกแยกพระโขนง ทางเท้า ทำดี ทำใหม่ แต่ตอนนี้ เป็นทางวิ่งของมาอร์ไซด์แล้ว  คะ,"The sidewalk on Rama 4 Road before leaving Phra Khanong Intersection. The sidewalk was well done and rebuilt, but now it's a motorbike runway.",police department,TRUE,ทางเท้า,"(""ทางเท้า"" OR ""ทางเดิน"" OR ""ฟุตบาท"") AND (""พระรามที่ 9"" OR ""พระราม9"" OR ""พระรามที่1"" OR ""พระราม1"" OR ""พระราม 1"" OR ""พระรามที่2"" OR ""พระราม2"" OR ""พระราม 2"" OR ""พระรามที่3"" OR ""พระราม4"" OR ""พระราม 3"" OR ""พระรามที่4"" OR ""พระราม4"" OR ""พระราม 4"" OR ""พระรามที่5"")",2024-01-27 5:38:39,2024-02-20 22:15:05,https://twitter.com/Madee18/status/1751117493262004323,พระโขนง,,,
312,Prasert_cha,1.75E+18,"นี่ถนนรัชดาฯ​ ห้วยขวางน่ะ​ สังเกตุมั๊ย? กทม.ยุคนี้ตำรวจจราจร​หายไปไหนหมด​ ถนนแถวบ้านทำรถไฟฟ้ารถติดมาก​อยู่แล้วยังมีรถส่วนตัวและไรเดอร์จอดซื้อของทางเท้า​อีกปกติจอดไม่ได้  แต่ยุคนี้ไม่มีตำรวจจราจร​เลยสักคน
มีคนเคยตอบว่าให้ขายของได้ถ้าตำรวจไล่ไม่ให้จอดแล้วจะเขาขายได้ไง?  #ชัชชาติ","This is Ratchada Road, Huai Khwang. Have you noticed? In this era of Bangkok, where have all the traffic police gone? The road near the house is already heavily congested with the electric train. There are still private cars and riders parking on the sidewalk to buy things. Normally, they can't park. But in this era, there are no traffic police at all.
Someone once said that if you can sell things, if the police stop you from parking, then how can they sell them? #Chatchart",police department,TRUE,ทางเท้า,"(""ทางเท้า"" OR ""ทางเดิน"" OR ""ฟุตบาท"") AND (""กรุงเทพ"" OR ""กทม"" OR ""ชัชชาติ"")",2024-01-22 8:09:37,2024-02-20 20:54:44,https://twitter.com/Prasert_cha/status/1749343547181182980,ห้วยขวาง,,,
354,iiDudes,1.75E+18,"จริงมาก เหมือนปรับปรุงทางเท้าเพื่อให้มอเตอร์ไซค์ขึ้นมาใช้ได้อย่างสะดวก
เคยส่งเมล์แนบรูปชัดๆ แจ้งตามช่องทางของ กทม. ยังถูกเขต ส่ง จม. แจ้งให้เราไปให้ข้อมูลเพิ่มที่เขตอีก ทั้งพระโขนงและคลองเตย
บ้าไปแล้ว เขตพื้นที่ตัวเองแท้ๆยังจะมาต้องการข้อมูลเพิ่ม @chadchart_team @chadchart_trip","Very true. It's like improving the sidewalk to make it more convenient for motorcycles to use it.
Have you ever sent an email with a clear picture attached? Notified through the channels of Bangkok, still being sent by the district, telling us to go to the district to provide additional information. Both Phra Khanong and Khlong Toei
It's crazy. Your own area will still come and demand more information. @chadchart_team @chadchart_trip",police department,TRUE,ทางเท้า,"(""ทางเท้า"" OR ""ทางเดิน"" OR ""ฟุตบาท"") AND (""กรุงเทพ"" OR ""กทม"" OR ""ชัชชาติ"")",2024-01-18 3:59:55,2024-02-20 20:54:44,https://twitter.com/iiDudes/status/1747831156220043279,พระโขนง,,,
406,Noomm45643842,1.75E+18,อยากให้กทม ใช้กล้อง CCTV ตรวจจับ รถมอเตอร์บนทางเท้า แถวถนนสีลม สาธร และนราธิวาสราชนครินทร์ หน่อยครับ  และแถวสีลม ทางม้าลาย กลายเป็น ที่กลับรถมอเตแร์ไซด์ กับ สามล้อไปแล้วครับ,"I would like Bangkok to use CCTV cameras to detect motorbikes on the sidewalks around Silom, Sathorn, and Narathiwat Ratchanakarin Roads. And around Silom, the zebra crossing has become a U-turn for motorbikes and tricycles.",police department,TRUE,ทางเท้า,"(""ทางเท้า"" OR ""ทางเดิน"" OR ""ฟุตบาท"") AND (""กรุงเทพ"" OR ""กทม"" OR ""ชัชชาติ"")",2024-01-12 12:21:31,2024-02-20 20:54:44,https://twitter.com/Noomm45643842/status/1745783059885269139,นราธิวาสราชนครินทร์,,,
510,Im__JomJam,1.74E+18,ตรงป้ายรถเมล์แยกเฉลิมเผ่า คือจอดมอไซกันแบบ ปิดทางเดินลงไปขึ้นรถเมล์เลยอิเวง แทบจะไม่มีช่องเดินออกไปเลย คือมันจอดได้หรืออะไรยังไง ไม่รู้ แต่นี้เล่นจอดแบบแทบจะไม่มีทางเดินออกไปเลย,"At the bus stop at Chaloem Phao Intersection It's like parking a motorcycle. The walkway to go down to the bus is closed. There was hardly any way out. Is it possible to park or something? I don't know, but here we park with almost no way out.",police department,TRUE,ทางเท้า,"(""ทางเท้า"" OR ""ทางเดิน"" OR ""ฟุตบาท"") AND (""เศรษฐศิริ"" OR ""เสนานิคม"" OR ""เสรีไทย"" OR ""เสาชิงช้า"" OR ""เสือป่า"" OR ""เอกชัย"" OR ""เอกมัย"" OR ""แจ้งวัฒนะ"" OR ""แปลงนาม"" OR ""แฮปปี้แลนด์"" OR ""โชคชัย 4"" OR ""ไฟฉาย"" OR ""สยาม"" OR ""เฉลิมเผ่า"")",2023-12-31 9:22:46,2024-02-20 22:11:15,https://twitter.com/Im__JomJam/status/1741389424691486772,เฉลิมเผ่า,,,
566,rbsprinkle_,1.74E+18,"รีวิวปากคลองตลาด+สะพานพุทธแบบลูกอีช่างติ(เด้กตจว)

เดินๆอยู่บนฟุตบาทแม่งก็มีรถมอไซมาปิ้นๆใส่ คนเดินไปเดินมาและเดินชนก้ฉ่ำ เดินไปซื้อดอกไม้จขร้านก็มา death glare (กุก้เข้าใจอาจจะมีลคจับดอกไม้จนช้ำเลยทำหน้าแบบนิ) 

สำคันคือรถพร้อมเหยียบกุตลอดเว ละกุที่ข้ามถนนไม่เก่ง = สุ่ขิต","Review of Pak Khlong Talat + Buddhist bridge in the style of Luk E Chang Ti (Children in the provinces)

Walking on the sidewalk, there are motorbikes coming and going. People walk and walk and bump into each other. Went to the store to buy flowers and got a death glare (I understand there might be someone who touched the flowers until they were bruised so I made a face like this)

Samkan is a car that is ready to pedal all the time. Laku who is not good at crossing the road = happiness",police department,TRUE,ทางเท้า,"(""ทางเท้า"" OR ""ทางเดิน"" OR ""ฟุตบาท"") AND (""ศาลาธรรมสพน์"" OR ""ศาลาแดง"" OR ""ศิริพงษ์"" OR ""สนามไชย"" OR ""สมเด็จพระนเรศวรมหาราช"" OR ""สมเด็จพระปิ่นเกล้า"" OR ""สมเด็จพระเจ้าตากสิน"" OR ""สมเด็จเจ้าพระยา"" OR ""สวนสยาม"" OR ""สวนหลวง"" OR ""สวรรคโลก"" OR ""สะพานควาย"" OR ""สะพานพุทธ"" OR ""สังคโลก"" OR ""สาทร-คอนแวนต์"")",2023-12-24 11:06:28,2024-02-20 21:51:31,https://twitter.com/rbsprinkle_/status/1738878803328520380,สะพานพุทธ,,,
615,malee_2519,1.74E+18,เคยเจอตรงบรรทัดทองครับ มอไซวินขี่บนฟุตบาทขับเร็วมากผมออกมาจากร้านข้าววิ่งเฉียดหน้าไปไม่ถึงคืบครับ กฎหมายที่ดูแลประชาชนมันไม่เด็ดขาดรุนแรงครับเลยไม่มีใครกลัวครับ,"I've seen it at Banthat Thong before. The motorbike riding on the sidewalk was driving very fast. I came out of the rice shop and ran close to the front, barely making it far. The laws that take care of the people are not strict and harsh, so no one is afraid.",police department,TRUE,ทางเท้า,"(""ทางเท้า"" OR ""ทางเดิน"" OR ""ฟุตบาท"") AND (""นครสวรรค์"" OR ""นครไชยศรี"" OR ""นนทรี"" OR ""นราธิวาสราชนครินทร์"" OR ""นวมินทร์"" OR ""นวลจันทร์"" OR ""นักกีฬาแหลมทอง"" OR ""นางลิ้นจี่"" OR ""นานา"" OR ""บรมราชชนนี"" OR ""บรรทัดทอง"" OR ""บางกอกน้อย"" OR ""บางกะปิ"" OR ""บางขุนนนท์"" OR ""บางขุนพรหม"")",2023-12-14 8:37:26,2024-02-20 21:23:00,https://twitter.com/malee_2519/status/1735217419466297849,บรรทัดทอง,,,
623,icyremy,1.73E+18,คนขี่มอไซคบนทางเท้า สวนทาง โดยไม่รู้สึกผิดจนเป็นนิสัย ปากซอย เพชรเกษม 38 เขต #ภาษีเจริญ #ชัชชาติ #ผู้ว่ากทม ขอ ผอ เยาวะสกุล ทองธัญวีรัตน์ โปรดแก้ไข ขอทางเท้าให้คนเดิน 13 ธค 66,"People riding motorbikes on the sidewalk, going in the opposite direction without feeling guilty until it becomes a habit. At the entrance of Soi Phetkasem 38, District #Phasi Charoen #Chatchat #Bangkok Governor asks Director Yaowasakul Thongthanyaweerat to please amend the sidewalk for pedestrians. 13 Dec 66",police department,TRUE,ทางเท้า,"(""ทางเท้า"" OR ""ทางเดิน"" OR ""ฟุตบาท"") AND (""กรุงเทพ"" OR ""กทม"" OR ""ชัชชาติ"")",2023-12-13 11:06:58,2024-02-20 20:54:44,https://twitter.com/icyremy/status/1734892665039384842,ภาษีเจริญ,,,
672,NuiChanida,1.73E+18,อิมอไซตรงทองหล่อชอบขับขึ้นฟุตบาท กุไม่หลบมึงต้องจอดให้กุเดินจ้า มีปัญญาชนก็มา,"Motorbikes at Thonglor like to drive up the sidewalk. If you can't hide, you have to stop and let me walk. There are intellectuals also coming.",police department,TRUE,ทางเท้า,"(""ทางเท้า"" OR ""ทางเดิน"" OR ""ฟุตบาท"") AND (""ดินแดง"" OR ""ตรีเพชร"" OR ""ตากสิน"" OR ""ทรงวาด"" OR ""ทวีวัฒนา"" OR ""ทองหล่อ"" OR ""ท่าข้าม"" OR ""ท่าดินแดง"" OR ""ท่าทราย"" OR ""ท่าพระ"" OR ""ท้ายวัง"" OR ""ธนิยะ"" OR ""นครปฐม"" OR ""นครราชสีมา"" OR ""นครลุง"")",2023-12-07 10:56:25,2024-02-20 21:18:44,https://twitter.com/NuiChanida/status/1732715682071232696,ทองหล่อ,,,
1697,Gift_Ilk2,1.69E+18,@nanaicez นอกจากเรื่องตั้งร้านแล้ว ฝากช่วยดูแลเรื่องขับรถ+จอดบนทางเท้าด้วยนะคะ ฟุตบาทเพิ่งทำมาไม่กี่เดือนพังอีกแล้วค่ะ ฟุตบาทช่วงปั๊มปตท.ถึงหัวโค้งเข้าเส้นเอกชัยคนแก่เดินลำบากมากค่ะ,"@nanaicez Apart from setting up a shop, Please help take care of driving + parking on the sidewalk. The footpath was only broken a few months ago. The footpath from the PTT gas station to the curve entering the Ekachai line is very difficult for old people to walk.",police department,TRUE,ทางเท้า,"(""ทางเท้า"" OR ""ทางเดิน"" OR ""ฟุตบาท"") AND (""เศรษฐศิริ"" OR ""เสนานิคม"" OR ""เสรีไทย"" OR ""เสาชิงช้า"" OR ""เสือป่า"" OR ""เอกชัย"" OR ""เอกมัย"" OR ""แจ้งวัฒนะ"" OR ""แปลงนาม"" OR ""แฮปปี้แลนด์"" OR ""โชคชัย 4"" OR ""ไฟฉาย"" OR ""สยาม"" OR ""เฉลิมเผ่า"")",2023-08-25 1:13:59,2024-02-20 22:11:15,https://twitter.com/Gift_Ilk2/status/1694880768701710838,เอกชัย,,,
1721,kuro_pur,1.69E+18,ชัชชาติมาตรวจหน่อย บรรทัดทอง ขี่บนฟุตบาทกันจนเป็นถนน อิดอก รำคาญ ใช่เรื่องกุต้องมาหลบรถหรอ,"Chatchat, please come check. Banthat Thong. Riding on the sidewalk until it's a road. I'm annoyed and annoyed. Is it a matter of me having to avoid cars?",police department,TRUE,ทางเท้า,"(""ทางเท้า"" OR ""ทางเดิน"" OR ""ฟุตบาท"") AND (""นครสวรรค์"" OR ""นครไชยศรี"" OR ""นนทรี"" OR ""นราธิวาสราชนครินทร์"" OR ""นวมินทร์"" OR ""นวลจันทร์"" OR ""นักกีฬาแหลมทอง"" OR ""นางลิ้นจี่"" OR ""นานา"" OR ""บรมราชชนนี"" OR ""บรรทัดทอง"" OR ""บางกอกน้อย"" OR ""บางกะปิ"" OR ""บางขุนนนท์"" OR ""บางขุนพรหม"")",2023-08-22 10:03:29,2024-02-20 21:23:00,https://twitter.com/kuro_pur/status/1693926860848337294,บรรทัดทอง,,,
1734,mkyh2u,1.69E+18,"อาจจะไม่ค่อยขำเท่าไหร่ แต่ขำก็ได้มั้ง

ฟุตบาททองหล่อ ช่วงสุขุมวิท 47-49 ชั้นกำลังโมโหมอไซมันขับบนทางเท้า ทั้งบีบแตร ทั้งมาจี้ตูดทั้งๆที่ก็เป็นที่คนเดินป่ะ

กำลังมอหออยู่เจอจักรยานปั่นสวนทาง ขับโคตรไว มอหอกว่าเดิมแม่งเอ้ย ละคนขับใส่ชุดแปลกมาก สรุปคือพี่นะโพลีแคท","It might not be that funny. But it's okay to laugh.

Thonglor footpath, Sukhumvit 47-49. I'm angry at the motorcycles driving on the sidewalk, honking their horns and tickling my ass even though it's a pedestrian.

I was studying at a dormitory and saw a bicycle traveling in the opposite direction. Driving extremely fast, my dormitory was worse than before. And the driver was wearing very strange clothes. In conclusion, it's Brother Polycat.",police department,TRUE,ทางเท้า,"(""ทางเท้า"" OR ""ทางเดิน"" OR ""ฟุตบาท"") AND (""ดินแดง"" OR ""ตรีเพชร"" OR ""ตากสิน"" OR ""ทรงวาด"" OR ""ทวีวัฒนา"" OR ""ทองหล่อ"" OR ""ท่าข้าม"" OR ""ท่าดินแดง"" OR ""ท่าทราย"" OR ""ท่าพระ"" OR ""ท้ายวัง"" OR ""ธนิยะ"" OR ""นครปฐม"" OR ""นครราชสีมา"" OR ""นครลุง"")",2023-08-21 4:54:30,2024-02-20 21:18:44,https://twitter.com/mkyh2u/status/1693486714768281611,ทองหล่อ,,,
1754,formysekai,1.69E+18,อยากแจ้งรถทำผิดกฎจราจร แต่รถเป็นทะเบียนต่างประเทศ ทำไรได้มั่ง เหตุเกิดที่ห้วยขวาง รถทะเบียน ตปท จอดบนฟุตบาทหน้าร้าน321bbq ตรงข้ามซ.รัชดา15 มีทุกวันเลย กับรถมอไซด์ไดรเวอร์เดลิเวอรี่จีน นางไม่ติดทะเบียนรถ คุณชัชชาติแก้เกมส์ยังไง รุปนี้ของมะวาน,"I want to report a car that violates traffic rules. But the car has a foreign registration. What can I do? The incident happened in Huai Khwang. A car with foreign registration was parked on the sidewalk in front of the 321bbq shop. Opposite Soi Ratchada 15, there is a Chinese delivery driver every day. She didn't have a license plate on her car. How do you solve the game, Mr. Chatchart? This picture is of Mawan.",police department,TRUE,ทางเท้า,"(""ทางเท้า"" OR ""ทางเดิน"" OR ""ฟุตบาท"") AND (""กรุงเทพ"" OR ""กทม"" OR ""ชัชชาติ"")",2023-08-19 10:08:56,2024-02-20 22:52:41,https://twitter.com/formysekai/status/1692841065743819039,ห้วยขวาง,,,
1848,PunkuMiruku,1.69E+18,วินมอเตอร์ไซค์ตรงวงเวียนบางเขน ฝั่งไปราชภัฏพระนครนี่ถูกกฎหมายมะ สงสัยมาก ขับขึ้นลงฟุตบาทไม่สนใจคน สูบบุหรี่ขโมงในที่สาธารณะ,"Motorcycle taxi at Bang Khen roundabout On the side to Phranakhon Rajabhat, is this legal? I really doubt it. Driving up and down the sidewalk, not paying attention to people. Smoking during public hours",police department,TRUE,ทางเท้า,"(""ทางเท้า"" OR ""ทางเดิน"" OR ""ฟุตบาท"") AND (""พระนคร"" OR ""หนองจอก"" OR ""บางรัก"" OR ""บางเขน"" OR ""บางกะปิ"" OR ""ปทุมวัน"" OR ""ป้อมปราบศัตรูพ่าย"" OR ""พระโขนง"" OR ""มีนบุรี"" OR ""ลาดกระบัง"" OR ""ยานนาวา"" OR ""สัมพันธวงศ์"" OR ""พญาไท"" OR ""ธนบุรี"" OR ""บางกอกใหญ่"")",2023-08-07 12:44:53,2024-02-20 20:58:45,https://twitter.com/PunkuMiruku/status/1688531659463991296,พระนคร,,,
1903,piyarak_s,1.68E+18,มีหนนึงออกจากสามย่านไปประชุมที่อมารีดอนเมือง ป้ายให้ออก exit 2 ก็นึกว่ามีทางเชื่อมดิบดี ไม่ค่ะ เดินลงไปเจอฟุตบาทกับวินมอเตอร์ไซค์ ไม่มีทางให้ลง ต้องเดินไปตามทางแคบๆ แล้วกระดึ๊บลงเนินข้ามถนนไปฝั่งหอพัก ทอ. แล้วเดินต่อไปอีกเป็นสิบนาที ส่วนทางเชื่อมอมารีจริงคือในสนามบินดอนเมือง orz,"One time I left Samyan to go to a meeting at Amari Don Mueang. There was a sign to exit at Exit 2. I thought there was a direct connection. No, I walked down and found a footpath and a motorcycle taxi. There's no way to get off. You have to walk along a narrow path. Then climb down the hill, cross the road to the side of the Royal Thai Air Force dormitory and walk for another ten minutes. As for the actual Amari connector, it's in Don Mueang Airport.",police department,TRUE,ทางเท้า,"(""ทางเท้า"" OR ""ทางเดิน"" OR ""ฟุตบาท"") AND (""สาทร"" OR ""สาทรเหนือ"" OR ""สาทรใต้"" OR ""สาธุประดิษฐ์"" OR ""สามย่าน"" OR ""สามเสน"" OR ""สายไหม"" OR ""สายไหม-ลำลูกกา"" OR ""สำเพ็ง"" OR ""สิรินธร"" OR ""สีลม"" OR ""สี่พระยา"" OR ""สุขสวัสดิ์"" OR ""สุขุมวิท"" OR ""สุทธิสาร"")",2023-07-28 15:01:36,2024-02-20 21:55:23,https://twitter.com/piyarak_s/status/1684942186524344321,ดอนเมือง,,,
2217,GGwarinn,1.68E+18,มีจีเนียสกว่านี้ค่ะ ถอดป้ายทะเบียนออกแล้วขับชิลๆบนทางเท้าเพียบบบ พิกัด ถ. อโศก-ดินแดง,There's more genius than this. Take off your license plate and drive leisurely on the sidewalk. Location: Asoke-Din Daeng Rd.,police department,TRUE,ทางเท้า,"(""ทางเท้า"" OR ""ทางเดิน"" OR ""ฟุตบาท"") AND (""อนุสาวรีย์ชัยฯ"" OR ""อรุณอมรินทร์"" OR ""อังรีดูนังต์"" OR ""อัสสัมชัญ"" OR ""อาจณรงค์"" OR ""อิสรภาพ"" OR ""อุดมสุข"" OR ""อู่ทองนอก"" OR ""อู่ทองใน"" OR ""อโศก-ดินแดง"" OR ""อโศก-เพชรบุรี"" OR ""อโศก"" OR ""อ่อนนุช"" OR ""เกษมราษฎร์"" OR ""เกียกกาย"")",2023-07-02 8:01:13,2024-02-20 22:03:26,https://twitter.com/GGwarinn/status/1675414308929556482,ดินแดง,,,
2248,triedasfuck1,1.67E+18,สมควรจริงบางคน แม่งจอดแช่ข้างฟุตบาทหน้าเซนพระราม9 ไฟขึ้นว่าง พอบอกไปบางกะปิแม่งไม่มองหน้าไม่พูดกับกูเลย นั่งเก๊กหน้าตึงส่ายหัวครั้งเดียว รอเหมาแต่ต่างชาติ,"Some people really deserve it. The motherfucker was parked beside the sidewalk in front of Zen Rama 9. The light was on and free. When I told him to go to Bang Kapi, he didn't look at me or speak to me. Sitting with a tight expression, he shook his head once. Waiting to hire only foreigners",police department,TRUE,ทางเท้า,"(""ทางเท้า"" OR ""ทางเดิน"" OR ""ฟุตบาท"") AND (""ประตูน้ำ"" OR ""ประเสริฐมนูกิจ"" OR ""ปรีดี พนมยงค์"" OR ""ปุณณวิถี"" OR ""ป้อมมหากาฬ"" OR ""ผ่านฟ้าลีลาศ"" OR ""พญาไท"" OR ""พระราม 9"" OR ""พระรามที่ 1"" OR ""พระรามที่ 2"" OR ""พระรามที่ 3"" OR ""พระรามที่ 4"" OR ""พระรามที่ 5"" OR ""พระรามที่ 6"" OR ""พรานนก"")",2023-06-30 16:53:06,2024-02-20 21:31:19,https://twitter.com/triedasfuck1/status/1674823384281255936,บางกะปิ,,,